date,prcp,tmax,tmin,wspd,tavg,pres
2025-08-01,0,12.8,5,4.7,8.9,945
2025-08-02,10.9,10.6,2.8,4.5,6.7,993
2025-08-03,0.8,11.7,7.2,2.3,9.45,1035
2025-08-04,20.3,12.2,5.6,4.7,8.9,928
2025-08-05,1.3,8.9,2.8,6.1,5.85,1008
2025-08-06,2.5,4.4,2.2,2.2,3.3,923
2025-08-07,0,7.2,2.8,2.3,5,1052
2025-08-08,0,10,2.8,2,6.4,904
2025-08-09,4.3,9.4,5,3.4,7.2,1081
2025-08-10,1,6.1,0.6,3.4,3.35,982
2025-08-11,0,6.1,-1.1,5.1,2.5,958
2025-08-12,0,6.1,-1.7,1.9,2.2,930
2025-08-13,0,5,-2.8,1.3,1.1,1084
2025-08-14,4.1,4.4,0.6,5.3,2.5,999
2025-08-15,5.3,1.1,-3.3,3.2,-1.1,1039
2025-08-16,2.5,1.7,-2.8,5,-0.55,997
2025-08-17,8.1,3.3,0,5.6,1.65,1051
2025-08-18,19.8,0,-2.8,5,-1.4,964
2025-08-19,15.2,-1.1,-2.8,1.6,-1.95,1034
2025-08-20,13.5,7.2,-1.1,2.3,3.05,1067
2025-08-21,3,8.3,3.3,8.2,5.8,932
2025-08-22,6.1,6.7,2.2,4.8,4.45,927
2025-08-23,0,8.3,1.1,3.6,4.7,1016
2025-08-24,8.6,10,2.2,5.1,6.1,929
2025-08-25,8.1,8.9,4.4,5.4,6.65,902
2025-08-26,4.8,8.9,1.1,4.8,5,1000
2025-08-27,0,6.7,-2.2,1.4,2.25,1071
2025-08-28,0,6.7,0.6,2.2,3.65,1016
2025-08-29,27.7,9.4,3.9,4.5,6.65,901
2025-08-30,3.6,8.3,6.1,5.1,7.2,955
2025-08-31,1.8,9.4,6.1,3.9,7.75,936
2025-09-01,13.5,8.9,3.3,2.7,6.1,893
2025-09-02,0,8.3,1.7,2.6,5,904
2025-09-03,0,14.4,2.2,5.3,8.3,938
2025-09-04,0,15.6,5,4.3,10.3,1014
2025-09-05,0,13.9,1.7,2.9,7.8,990
2025-09-06,0,16.1,1.7,5,8.9,923
2025-09-07,0.3,15.6,7.8,5.3,11.7,958
2025-09-08,2.8,10,5,2.7,7.5,1056
2025-09-09,2.5,11.1,7.8,2.4,9.45,1080
2025-09-10,2.5,12.8,6.7,3,9.75,957
2025-09-11,0.8,8.9,5.6,3.4,7.25,963
2025-09-12,1,8.3,5,1.3,6.65,938
2025-09-13,11.4,7.2,4.4,1.4,5.8,1067
2025-09-14,2.5,6.7,1.1,3.1,3.9,971
2025-09-15,0,7.2,0.6,1.8,3.9,994
2025-09-16,1.8,7.2,3.3,2.1,5.25,940
2025-09-17,17.3,10,4.4,3.4,7.2,910
2025-09-18,6.4,6.7,3.9,8.1,5.3,958
2025-09-19,0,6.7,2.2,4.7,4.45,1079
2025-09-20,3,7.8,1.7,2.9,4.75,898
2025-09-21,0.8,10,7.8,7.5,8.9,997
2025-09-22,8.6,10,2.8,5.9,6.4,977
2025-09-23,0,8.3,2.8,3.9,5.55,913
2025-09-24,11.4,6.7,4.4,3.5,5.55,974
2025-09-25,0,7.2,2.8,6.4,5,973
2025-09-26,1.3,5,-1.1,3.4,1.95,998
2025-09-27,0,6.7,-2.2,3,2.25,893
2025-09-28,3.6,6.7,-0.6,4.2,3.05,1025
2025-09-29,0.8,5,1.1,7,3.05,1017
2025-09-30,0,6.1,1.1,3.1,3.6,1050
2025-10-01,2,6.7,3.9,5.1,5.3,979
2025-10-02,0,12.2,6.7,7,9.45,1052
2025-10-03,0,10.6,6.7,5.6,8.65,963
2025-10-04,6.9,7.8,1.1,6.2,4.45,920
2025-10-05,0.5,6.7,0,2.7,3.35,958
2025-10-06,0,8.9,-1.7,2.7,3.6,1018
2025-10-07,0,15.6,0.6,2.5,8.1,1075
2025-10-08,3.6,9.4,5,2.8,7.2,946
2025-10-09,10.4,7.2,6.1,3.4,6.65,973
2025-10-10,13.7,6.7,2.8,5.8,4.75,1039
2025-10-11,19.3,8.3,0.6,6.2,4.45,928
2025-10-12,9.4,5.6,0.6,5.3,3.1,1022
2025-10-13,8.6,7.8,1.1,4.7,4.45,1009
2025-10-14,23.9,11.1,5.6,5.8,8.35,990
2025-10-15,8.4,8.9,3.9,5.1,6.4,905
2025-10-16,9.4,10,0.6,3.8,5.3,952
2025-10-17,3.6,5,-0.6,2.7,2.2,999
2025-10-18,2,7.2,-1.1,3,3.05,891
2025-10-19,3.6,7.8,2.2,6.4,5,954
2025-10-20,1.3,8.9,1.1,2.5,5,956
2025-10-21,4.1,10,1.7,2.1,5.85,1058
2025-10-22,0,12.2,0.6,2.8,6.4,928
2025-10-23,0,15,3.3,5.2,9.15,1079
2025-10-24,0,13.3,2.2,2.7,7.75,916
2025-10-25,0,12.8,6.1,4.3,9.45,1002
2025-10-26,4.8,14.4,6.7,3.8,10.55,1020
2025-10-27,1.3,10.6,7.2,5.9,8.9,1042
2025-10-28,27.4,10,6.1,4.4,8.05,915
2025-10-29,5.6,9.4,5,4.7,7.2,1045
2025-10-30,13.2,10,2.8,3.4,6.4,1082
2025-10-31,1.5,8.9,4.4,6.8,6.65,966
2025-11-01,0,16.7,4.4,3.1,10.55,1053
2025-11-02,1.5,11.7,3.3,3.1,7.5,940
2025-11-03,0,10.6,2.8,2.1,6.7,1013
2025-11-04,4.6,9.4,2.8,1.8,6.1,1007
2025-11-05,0.3,11.1,3.3,2.6,7.2,976
2025-11-06,0,16.1,1.7,4.3,8.9,1013
2025-11-07,0,21.1,7.2,4.1,14.15,950
2025-11-08,0,20,6.1,2.1,13.05,1025
2025-11-09,0,17.8,8.9,3.2,13.35,942
2025-11-10,2.3,11.1,7.2,2.6,9.15,916
2025-11-11,0.5,13.9,5.6,2.6,9.75,961
2025-11-12,0,15,3.9,4,9.45,932
2025-11-13,0,15.6,3.3,3,9.45,982
2025-11-14,0,16.1,7.2,2.9,11.65,975
2025-11-15,8.1,13.3,6.7,5.8,10,921
2025-11-16,1.8,10,4.4,2,7.2,1055
2025-11-17,1.8,13.3,7.2,3.9,10.25,1072
2025-11-18,10.9,13.9,5,2.6,9.45,904
2025-11-19,6.6,13.3,6.7,2.7,10,984
2025-11-20,0,20,4.4,2.3,12.2,899
2025-11-21,0,23.3,8.3,2.6,15.8,944
2025-11-22,0,21.7,8.9,3.5,15.3,983
2025-11-23,4.3,13.9,10,2.8,11.95,935
2025-11-24,10.7,16.7,8.9,2.6,12.8,920
2025-11-25,3.8,13.9,6.7,5.2,10.3,1008
2025-11-26,0.8,13.3,6.1,4.8,9.7,944
2025-11-27,0,16.1,8.3,2.5,12.2,1019
2025-11-28,4.3,15.6,8.9,1.6,12.25,1002
2025-11-29,4.3,12.8,7.2,8,10,945
2025-11-30,0.5,11.7,6.1,6.4,8.9,1063
2025-12-01,0.5,13.3,5.6,2.5,9.45,1051
2025-12-02,18.5,11.1,7.2,3.4,9.15,1007
2025-12-03,1.8,12.2,6.1,4.6,9.15,980
2025-12-04,0,13.3,5,2.3,9.15,894
2025-12-05,0,17.8,5,2.4,11.4,975
2025-12-06,0,23.9,6.1,2.2,15,1064
2025-12-07,0,18.3,9.4,3,13.85,1063
2025-12-08,0,13.3,6.7,3.9,10,1005
2025-12-09,0,14.4,3.9,3,9.15,918
2025-12-10,0,18.3,4.4,4.3,11.35,942
2025-12-11,0,24.4,6.7,3.4,15.55,1065
2025-12-12,0,25.6,9.4,4.2,17.5,997
2025-12-13,0,26.7,12.8,3.8,19.75,926
2025-12-14,0,24.4,9.4,4.1,16.9,947
2025-12-15,0,19.4,9.4,3.5,14.4,1030
2025-12-16,0,17.8,6.7,2.9,12.25,973
2025-12-17,0,15.6,7.8,3.1,11.7,984
2025-12-18,0,19.4,7.2,1.5,13.3,949
2025-12-19,6.4,14.4,11.7,1.3,13.05,977
2025-12-20,14,16.7,10,4,13.35,1065
2025-12-21,6.1,12.8,8.9,4.8,10.85,897
2025-12-22,0.3,14.4,8.9,6.3,11.65,933
2025-12-23,0,17.2,8.9,3.3,13.05,943
2025-12-24,0,22.2,8.9,3.1,15.55,943
2025-12-25,0,22.2,8.9,3.6,15.55,1007
2025-12-26,0,17.2,11.7,3.7,14.45,917
2025-12-27,0,16.7,10,3.4,13.35,914
2025-12-28,0,16.1,7.8,1.8,11.95,1077
2025-12-29,0.3,18.9,11.1,1.5,15,893
2025-12-30,3.8,17.8,12.2,2.7,15,962
2025-12-31,6.6,20,12.8,3.7,16.4,1009
2026-01-01,0.3,18.9,10.6,3.7,14.75,919
2026-01-02,0,17.2,9.4,2.9,13.3,1020
2026-01-03,1.3,12.8,8.9,3.1,10.85,892
2026-01-04,16,13.3,8.3,3.3,10.8,898
2026-01-05,0,16.1,6.1,3.4,11.1,1041
2026-01-06,16.5,16.1,8.9,3.5,12.5,922
2026-01-07,1.5,15,8.3,3,11.65,1067
2026-01-08,0,17.2,8.3,4.7,12.75,925
2026-01-09,0,18.9,10,2.9,14.45,959
2026-01-10,0,23.3,10,1.8,16.65,993
2026-01-11,0.8,18.3,12.8,3.9,15.55,987
2026-01-12,0,16.1,11.1,4.3,13.6,978
2026-01-13,0,17.2,10,2.7,13.6,911
2026-01-14,0,22.2,9.4,1.7,15.8,1026
2026-01-15,0,21.1,15,4.1,18.05,1051
2026-01-16,0,18.9,11.7,6.4,15.3,1015
2026-01-17,3,17.2,10,3.8,13.6,934
2026-01-18,1,19.4,10,3,14.7,956
2026-01-19,0,24.4,10,3,17.2,1000
2026-01-20,0,23.9,11.7,2.1,17.8,1020
2026-01-21,15.7,13.9,11.7,1.9,12.8,978
2026-01-22,8.6,15.6,9.4,2.5,12.5,949
2026-01-23,0,19.4,9.4,2,14.4,946
2026-01-24,0.5,19.4,11.1,3.1,15.25,984
2026-01-25,0,18.3,10.6,3.4,14.45,973
2026-01-26,0,22.8,8.9,1.8,15.85,1021
2026-01-27,0,22.2,11.7,2.5,16.95,904
2026-01-28,0.3,21.7,15,1.9,18.35,973
2026-01-29,3,20,13.3,2.4,16.65,1068
2026-01-30,0,20,12.2,2.3,16.1,1014
2026-01-31,2,18.9,11.7,2.1,15.3,1019
2026-02-01,5.8,18.3,10.6,6,14.45,919
2026-02-02,0,20.6,9.4,3.8,15,1030
2026-02-03,0,24.4,10.6,3.1,17.5,1000
2026-02-04,0,25,11.1,2.1,18.05,964
2026-02-05,0,26.7,12.8,3.8,19.75,932
2026-02-06,0,28.3,14.4,2.8,21.35,976
2026-02-07,1.5,25,12.8,2,18.9,1057
2026-02-08,0,23.9,11.1,2.3,17.5,1079
2026-02-09,0,27.8,13.3,2.9,20.55,1060
2026-02-10,0,25.6,13.3,2.7,19.45,964
2026-02-11,0.5,23.3,13.9,2.2,18.6,995
2026-02-12,0,25,15,2.2,20,1008
2026-02-13,0,18.9,13.3,3.8,16.1,1041
2026-02-14,0.3,26.1,13.3,2.5,19.7,950
2026-02-15,0,21.7,15,2.6,18.35,1007
2026-02-16,0,21.1,14.4,2.9,17.75,940
2026-02-17,0,25,14.4,2.2,19.7,1016
2026-02-18,15.2,19.4,13.9,4,16.65,1067
2026-02-19,0,23.9,13.9,2.3,18.9,946
2026-02-20,1,20.6,12.2,3.9,16.4,942
2026-02-21,0,18.9,11.1,3.3,15,990
2026-02-22,0,23.3,12.2,4.3,17.75,1007
2026-02-23,0,26.7,12.8,2.6,19.75,992
2026-02-24,0,25.6,12.8,2.2,19.2,1007
2026-02-25,0,18.9,13.9,2.8,16.4,990
2026-02-26,0,22.2,13.3,1.7,17.75,898
2026-02-27,0,22.8,15,2,18.9,1023
2026-02-28,0,19.4,13.3,3,16.35,1032
2026-03-01,0,22.8,13.9,2.8,18.35,1077
2026-03-02,0,23.9,13.3,2.2,18.6,1049
2026-03-03,0,23.3,12.2,2.5,17.75,997
2026-03-04,0,27.2,12.8,3.9,20,951
2026-03-05,0,33.9,16.7,3.7,25.3,999
2026-03-06,0,33.9,17.8,1.9,25.85,922
2026-03-07,0,28.3,15.6,2.5,21.95,1029
2026-03-08,0,21.1,15,2.6,18.05,892
2026-03-09,0,22.2,15,3.1,18.6,903
2026-03-10,0,24.4,14.4,3.8,19.4,950
2026-03-11,0,25.6,12.2,2.3,18.9,935
2026-03-12,0,28.3,13.3,2.5,20.8,1022
2026-03-13,0,30.6,15,3,22.8,1045
2026-03-14,0,30.6,15,2.8,22.8,944
2026-03-15,0,28.9,13.9,2.8,21.4,976
2026-03-16,0,31.1,16.7,4.7,23.9,967
2026-03-17,0,34.4,18.3,2.8,26.35,1080
2026-03-18,0,32.8,16.1,1.8,24.45,951
2026-03-19,0,21.7,14.4,3,18.05,916
2026-03-20,0,23.3,15,2.7,19.15,1010
2026-03-21,0,25.6,15,1.9,20.3,903
2026-03-22,0,23.3,13.3,3,18.3,1067
2026-03-23,0,22.2,13.3,2.3,17.75,1061
2026-03-24,0,21.1,13.9,3.8,17.5,1033
2026-03-25,0,22.2,10,3.3,16.1,977
2026-03-26,0,26.1,11.7,3.2,18.9,972
2026-03-27,0,21.1,12.2,3.4,16.65,1051
2026-03-28,0,23.9,13.3,1.8,18.6,985
2026-03-29,0,22.8,12.2,3.2,17.5,921
2026-03-30,0,22.8,13.3,2.4,18.05,993
2026-03-31,0,22.8,12.8,1.9,17.8,989
2026-04-01,0,22.2,10.6,2.9,16.4,974
2026-04-02,0,21.7,10.6,2.1,16.15,894
2026-04-03,0,21.1,10,2,15.55,1056
2026-04-04,0,22.8,12.8,3.3,17.8,976
2026-04-05,0,24.4,11.1,3.1,17.75,933
2026-04-06,0,26.1,11.7,2.6,18.9,972
2026-04-07,0,28.3,14.4,4.2,21.35,1058
2026-04-08,0,32.2,13.3,3.1,22.75,969
2026-04-09,0,25,13.3,3,19.15,1064
2026-04-10,0.3,18.9,13.9,5,16.4,901
2026-04-11,0.3,20,11.7,3.9,15.85,1038
2026-04-12,0,20,8.9,4.2,14.45,943
2026-04-13,0,22.2,10,5.6,16.1,897
2026-04-14,0,27.8,11.7,3.6,19.75,955
2026-04-15,0,26.1,11.1,1.5,18.6,1052
2026-04-16,0,22.2,11.1,1.9,16.65,997
2026-04-17,0,24.4,9.4,2.3,16.9,980
2026-04-18,0,27.8,11.7,2.2,19.75,1071
2026-04-19,0,27.8,11.7,1.4,19.75,1028
2026-04-20,0,23.9,11.7,1.9,17.8,953
2026-04-21,0,19.4,10,2.5,14.7,1008
2026-04-22,0,16.1,12.8,2.1,14.45,895
2026-04-23,0.3,19.4,11.7,1.1,15.55,1068
2026-04-24,0,19.4,10,1.4,14.7,922
2026-04-25,0,21.1,10,1.8,15.55,907
2026-04-26,0,19.4,11.1,1.7,15.25,961
2026-04-27,0,19.4,9.4,1.7,14.4,909
2026-04-28,0,22.8,10,1.7,16.4,913
2026-04-29,0,25,12.2,1.1,18.6,1077
2026-04-30,0,20.6,12.2,4.3,16.4,1072
2026-05-01,0,21.1,7.8,3.1,14.45,983
2026-05-02,0,23.3,8.9,3,16.1,1019
2026-05-03,0,17.8,10,4.1,13.9,972
2026-05-04,0,18.9,7.8,7.3,13.35,967
2026-05-05,0,18.9,8.3,6.5,13.6,1011
2026-05-06,0,21.7,8.9,5.7,15.3,1012
2026-05-07,0,23.9,7.8,5.1,15.85,931
2026-05-08,0,23.9,7.8,1.3,15.85,898
2026-05-09,0,21.1,7.8,1.9,14.45,1073
2026-05-10,0,16.1,8.9,1.6,12.5,1013
2026-05-11,0,12.2,8.3,1.4,10.25,1072
2026-05-12,0,13.9,7.2,1.3,10.55,1017
2026-05-13,2,13.9,8.9,4.6,11.4,956
2026-05-14,4.8,15.6,12.2,3.9,13.9,956
2026-05-15,16.5,17.8,13.3,3.4,15.55,896
2026-05-16,7.9,17.2,11.1,4.6,14.15,906
2026-05-17,0,16.1,8.3,5.5,12.2,965
2026-05-18,0,14.4,6.1,1.6,10.25,1062
2026-05-19,20.8,17.8,6.7,2,12.25,977
2026-05-20,4.8,15,9.4,5.3,12.2,943
2026-05-21,0.5,11.1,6.1,5.7,8.6,980
2026-05-22,6.4,11.7,4.4,2.7,8.05,906
2026-05-23,8.9,7.8,3.3,2.6,5.55,999
2026-05-24,0,11.1,5.6,3,8.35,1034
2026-05-25,7.1,11.7,6.1,2.1,8.9,1010
2026-05-26,0,11.7,6.7,1.5,9.2,1079
2026-05-27,1.5,11.1,7.2,2.5,9.15,961
2026-05-28,23.1,14.4,9.4,5.1,11.9,1069
2026-05-29,6.1,14.4,10,3.8,12.2,967
2026-05-30,10.9,15.6,10,4.9,12.8,1009
2026-05-31,34.5,15,12.2,2.8,13.6,963
2026-06-01,14.5,15.6,11.1,2.7,13.35,1061
2026-06-02,9.7,15,10.6,3,12.8,1073
2026-06-03,5.6,15,10.6,1,12.8,968
2026-06-04,0.5,15.6,11.1,3.6,13.35,941
2026-06-05,8.1,17.8,12.8,3.8,15.3,1067
2026-06-06,0.8,15,7.8,4,11.4,973
2026-06-07,0.3,12.8,6.7,3.5,9.75,1044
2026-06-08,0,12.2,3.9,3.4,8.05,1080
2026-06-09,0,10,1.1,3.4,5.55,924
2026-06-10,0,8.9,1.1,2,5,953
2026-06-11,0,7.8,-0.6,2.2,3.6,941
2026-06-12,15.2,8.9,1.1,3,5,975
2026-06-13,3.6,12.8,6.1,3,9.45,957
2026-06-14,5.3,11.1,7.8,2.5,9.45,911
2026-06-15,0.8,11.1,5,2.6,8.05,965
2026-06-16,0,9.4,2.8,2.4,6.1,956
2026-06-17,5.6,9.4,2.2,1.6,5.8,1047
2026-06-18,6.1,12.2,6.1,5.3,9.15,1044
2026-06-19,7.9,10,6.1,4.9,8.05,912
2026-06-20,54.1,13.3,8.3,6,10.8,959
2026-06-21,3.8,11.1,7.2,4.2,9.15,1029
2026-06-22,11.2,8.3,3.9,5.5,6.1,1059
2026-06-23,0,8.9,2.8,1.5,5.85,1064
2026-06-24,32,9.4,6.1,2.4,7.75,915
2026-06-25,0,8.9,3.9,1.2,6.4,1028
2026-06-26,0,8.3,1.1,3.6,4.7,1067
2026-06-27,0,9.4,1.7,3.8,5.55,901
2026-06-28,0,10,1.7,1.5,5.85,934
2026-06-29,2.8,9.4,2.2,2.9,5.8,1053
2026-06-30,1.5,12.8,7.8,4.2,10.3,924
2026-07-01,35.6,15,7.8,4.6,11.4,1016
2026-07-02,4.1,13.3,8.3,5.5,10.8,961
2026-07-03,19.6,8.3,7.2,6.2,7.75,1000
2026-07-04,13,9.4,7.2,4.4,8.3,893
2026-07-05,14.2,11.7,7.2,6.2,9.45,1005
2026-07-06,1.5,8.9,4.4,5,6.65,994
2026-07-07,1.5,7.2,6.1,5.1,6.65,1080
2026-07-08,1,7.8,3.3,4.6,5.55,972
2026-07-09,0,6.7,3.3,2,5,1077
2026-07-10,1.5,6.7,2.8,2.1,4.75,921
2026-07-11,0.5,7.2,5.6,1.8,6.4,982
2026-07-12,3,7.8,5.6,4.5,6.7,997
2026-07-13,8.1,6.7,4.4,2,5.55,1037
2026-07-14,2.3,7.2,3.3,2.8,5.25,981
2026-07-15,7.9,6.1,1.1,1.7,3.6,1016
2026-07-16,5.3,4.4,0.6,5.1,2.5,987
2026-07-17,22.6,6.7,3.3,5.5,5,1070
2026-07-18,2,8.3,1.7,9.5,5,1025
2026-07-19,3.3,3.9,0.6,5.3,2.25,895
2026-07-20,13.7,8.3,1.7,5.8,5,1021
2026-07-21,13.2,7.2,0.6,3.7,3.9,969
2026-07-22,1.8,8.3,-1.7,1.7,3.3,939
2026-07-23,3.3,8.3,3.9,3.5,6.1,962
2026-07-24,6.6,7.2,3.3,2.5,5.25,894
2026-07-25,0.3,5.6,2.8,2.8,4.2,922
2026-07-26,13.5,5.6,2.8,4.2,4.2,1016
2026-07-27,4.6,6.7,3.3,4.9,5,900
2026-07-28,4.1,7.8,3.3,3.2,5.55,1000
2026-07-29,0,8.3,3.9,1.7,6.1,1041
2026-07-30,1.5,5,3.3,1.7,4.15,1038
2026-07-31,0,4.4,0,1.8,2.2,969
2026-08-01,0,3.3,-1.1,2,1.1,900
2026-08-02,0,5,-2.8,2.7,1.1,911
2026-08-03,0,6.1,-1.1,3.2,2.5,1034
2026-08-04,4.1,6.7,-1.7,3,2.5,1031
2026-08-05,2.5,10,2.2,2.8,6.1,948
2026-08-06,3,6.7,4.4,3.1,5.55,966
2026-08-07,2,7.2,2.8,3,5,1082
2026-08-08,2.3,10,4.4,7.3,7.2,948
2026-08-09,16.3,11.7,5.6,6.3,8.65,914
2026-08-10,38.4,10,1.7,5.1,5.85,1044
2026-08-11,0.3,3.3,-0.6,2.1,1.35,996
2026-08-12,0,2.8,-2.8,1.9,0,939
2026-08-13,0,2.8,-3.9,2,-0.55,894
2026-08-14,0,2.2,-4.4,1.5,-1.1,1007
2026-08-15,0,3.3,-2.2,1.3,0.55,1061
2026-08-16,0,6.7,-0.6,2.3,3.05,934
2026-08-17,0,6.1,-3.9,1.8,1.1,954
2026-08-18,0,3.9,-2.8,1,0.55,960
2026-08-19,0,3.3,-1.1,1.3,1.1,946
2026-08-20,0,1.1,-0.6,1.9,0.25,903
2026-08-21,0,3.3,-0.6,2.1,1.35,1050
2026-08-22,0,2.2,-1.7,1.1,0.25,899
2026-08-23,0,3.3,-1.7,0.6,0.8,891
2026-08-24,5.1,7.2,2.2,3.1,4.7,996
2026-08-25,5.8,7.2,1.1,2.6,4.15,1064
2026-08-26,3,10.6,2.8,2.1,6.7,996
2026-08-27,2.3,8.3,3.9,4.5,6.1,966
2026-08-28,1.8,5.6,3.9,4.5,4.75,967
2026-08-29,7.9,6.1,3.3,3.2,4.7,911
2026-08-30,4.3,8.3,5,3.9,6.65,959
2026-08-31,3.6,8.9,6.7,3.9,7.8,1074
2026-09-01,3,9.4,7.2,4,8.3,918
2026-09-02,0.3,11.7,5,2.9,8.35,1006
2026-09-03,0,6.1,2.8,2,4.45,983
2026-09-04,2.3,8.9,2.8,2.9,5.85,999
2026-09-05,0,10.6,6.7,2.6,8.65,1059
2026-09-06,3.3,10,6.7,5.1,8.35,1067
2026-09-07,1,10.6,6.1,4.5,8.35,1051
2026-09-08,1.3,9.4,3.3,4.1,6.35,1004
2026-09-09,0,7.8,2.2,1.3,5,1050
2026-09-10,0.3,8.3,4.4,1.3,6.35,1064
2026-09-11,0,8.9,1.7,2,5.3,962
2026-09-12,0.3,8.3,4.4,1.4,6.35,901
2026-09-13,1,11.1,7.2,5.6,9.15,1077
2026-09-14,2.3,9.4,7.2,4.1,8.3,890
2026-09-15,1,9.4,5.6,2.2,7.5,1018
2026-09-16,0,13.3,5,2.4,9.15,1044
2026-09-17,0,11.1,3.9,5.6,7.5,920
2026-09-18,0,9.4,4.4,3.4,6.9,1082
2026-09-19,0,7.8,3.9,1.9,5.85,1009
2026-09-20,0,10.6,1.7,3.4,6.15,1003
2026-09-21,1.5,7.8,1.1,2.1,4.45,950
2026-09-22,0.5,6.7,3.9,6.2,5.3,985
2026-09-23,9.4,7.8,3.9,8.1,5.85,957
2026-09-24,0.3,10,3.9,4.6,6.95,940
2026-09-25,0,8.9,5,5.5,6.95,974
2026-09-26,2.3,10.6,3.3,7.1,6.95,1080
2026-09-27,0.5,8.9,3.9,3.8,6.4,1027
2026-09-28,4.6,10,4.4,1.8,7.2,978
2026-09-29,8.1,11.7,6.7,3.8,9.2,1064
2026-09-30,4.1,15,11.1,5.4,13.05,962
2026-10-01,0.8,13.9,5,4.5,9.45,948
2026-10-02,0,11.1,2.2,2.8,6.65,1060
2026-10-03,0,13.3,0,3.9,6.65,957
2026-10-04,0,9.4,6.1,2.4,7.75,1028
2026-10-05,11.9,7.2,5,4.1,6.1,910
2026-10-06,7.4,12.2,5,2.5,8.6,1060
2026-10-07,0,11.7,2.2,2.6,6.95,961
2026-10-08,0,12.8,1.1,1.3,6.95,965
2026-10-09,0.8,7.8,3.9,1.6,5.85,1019
2026-10-10,1.3,10.6,6.1,1.1,8.35,987
2026-10-11,2,12.8,10,5.7,11.4,947
2026-10-12,2.3,11.7,9.4,3.7,10.55,940
2026-10-13,2.8,11.7,9.4,3,10.55,1007
2026-10-14,0,14.4,8.9,4.3,11.65,1083
2026-10-15,4.3,10.6,4.4,6.4,7.5,1058
2026-10-16,0,8.9,3.9,6.1,6.4,974
2026-10-17,0,11.7,3.9,5.9,7.8,940
2026-10-18,11.7,12.8,1.7,3.4,7.25,1038
2026-10-19,9.9,11.1,4.4,7.6,7.75,914
2026-10-20,8.1,10,2.2,4.9,6.1,951
2026-10-21,0,9.4,0.6,2.2,5,1004
2026-10-22,0,10,1.1,2.6,5.55,1033
2026-10-23,0,12.2,0.6,2.1,6.4,930
2026-10-24,0,16.7,4.4,2.8,10.55,987
2026-10-25,0,16.7,6.1,1.7,11.4,1073
2026-10-26,0.3,13.3,7.2,1.6,10.25,932
2026-10-27,2,16.1,8.3,1.3,12.2,1014
2026-10-28,0,18.3,7.8,2.5,13.05,1077
2026-10-29,0,20,5.6,4.4,12.8,1078
2026-10-30,0,20.6,6.7,2.9,13.65,988
2026-10-31,0,17.2,8.3,3.6,12.75,949
2026-11-01,0,13.9,8.9,2.2,11.4,1039
2026-11-02,0,16.7,7.8,1.6,12.25,934
2026-11-03,8.4,14.4,10,3,12.2,1072
2026-11-04,18.5,13.9,10,5.6,11.95,995
2026-11-05,12.7,12.2,7.2,5,9.7,925
2026-11-06,39.1,8.3,5,3.9,6.65,1032
2026-11-07,0.8,13.3,6.1,3.1,9.7,1073
2026-11-08,0,12.2,6.1,2.4,9.15,1062
2026-11-09,9.4,15,8.9,6.4,11.95,938
2026-11-10,1.5,12.2,6.7,3.8,9.45,1038
2026-11-11,9.7,7.8,4.4,4.6,6.1,991
2026-11-12,9.4,10.6,3.3,5.7,6.95,1011
2026-11-13,5.8,12.8,4.4,2.3,8.6,977
2026-11-14,0,13.9,4.4,2.4,9.15,1062
2026-11-15,0.3,13.9,3.3,2.6,8.6,1074
2026-11-16,0,15,3.9,3.3,9.45,1003
2026-11-17,5.3,11.7,6.7,4,9.2,984
2026-11-18,20.6,13.3,9.4,4.9,11.35,915
2026-11-19,0,13.9,8.3,5.8,11.1,1054
2026-11-20,3.3,12.2,6.7,4.1,9.45,1042
2026-11-21,0,16.1,5,4.3,10.55,933
2026-11-22,0,17.8,3.9,2.8,10.85,942
2026-11-23,0,21.1,6.1,3,13.6,943
2026-11-24,0,21.7,6.7,1.1,14.2,1019
2026-11-25,0,20.6,8.3,2.2,14.45,1072
2026-11-26,0,13.9,10.6,5.9,12.25,1021
2026-11-27,1,15,9.4,5.2,12.2,1047
2026-11-28,3.8,13.9,6.7,4.2,10.3,1070
2026-11-29,0,12.8,4.4,2.4,8.6,979
2026-11-30,0,18.3,3.3,3.1,10.8,957
2026-12-01,0,20.6,6.7,4,13.65,936
2026-12-02,0,21.7,9.4,4.9,15.55,1005
2026-12-03,0,25,11.1,6.5,18.05,908
2026-12-04,0,28.9,11.7,5.3,20.3,920
2026-12-05,0,30.6,12.2,2,21.4,1063
2026-12-06,0,20.6,11.1,3.3,15.85,961
2026-12-07,0,19.4,11.1,1.9,15.25,970
2026-12-08,0,22.8,10,1.3,16.4,930
2026-12-09,0,26.1,9.4,1,17.75,994
2026-12-10,0,27.2,12.2,2.6,19.7,1009
2026-12-11,6.6,21.7,13.9,3.9,17.8,949
2026-12-12,3.3,18.9,9.4,5,14.15,1028
2026-12-13,0,18.3,7.8,2.4,13.05,1002
2026-12-14,1,17.2,8.9,2.3,13.05,935
2026-12-15,0,21.7,12.2,2.7,16.95,933
2026-12-16,0.5,17.2,11.7,3.7,14.45,952
2026-12-17,0,16.7,11.1,2.9,13.9,953
2026-12-18,0,18.3,10.6,2.3,14.45,1049
2026-12-19,0,19.4,9.4,1.8,14.4,1074
2026-12-20,13.7,15.6,8.3,4.8,11.95,983
2026-12-21,13.7,11.1,7.2,3,9.15,905
2026-12-22,4.1,12.2,6.7,1.9,9.45,1005
2026-12-23,0.3,16.7,8.9,2.7,12.8,938
2026-12-24,0,17.8,10,2.7,13.9,1082
2026-12-25,1.5,18.3,10.6,2.2,14.45,948
2026-12-26,9.7,16.7,11.1,3.1,13.9,1035
2026-12-27,0.5,17.2,11.7,2.8,14.45,1081
2026-12-28,5.6,16.1,9.4,4,12.75,1039
2026-12-29,0,16.7,9.4,5.3,13.05,1019
2026-12-30,0,19.4,11.1,2.5,15.25,1004
2026-12-31,0,22.8,12.2,2.5,17.5,1024
2027-01-01,1,20.6,12.2,3.1,16.4,915
2027-01-02,0,22.2,11.1,2.9,16.65,936
2027-01-03,0,26.1,12.2,3.4,19.15,897
2027-01-04,0,26.7,14.4,3.1,20.55,1054
2027-01-05,0,26.7,12.2,2.5,19.45,990
2027-01-06,0,21.7,13.3,3.2,17.5,1054
2027-01-07,0,20.6,12.8,3.1,16.7,907
2027-01-08,0,20.6,11.1,3.7,15.85,925
2027-01-09,0,21.7,11.7,3.2,16.7,1033
2027-01-10,0,20,10,5.7,15,995
2027-01-11,0.3,20.6,11.7,4.2,16.15,924
2027-01-12,0,21.1,11.7,2.6,16.4,984
2027-01-13,0,20,12.2,3.7,16.1,1028
2027-01-14,0,25.6,10,2.9,17.8,1084
2027-01-15,0,23.9,12.8,3.4,18.35,1058
2027-01-16,0,25.6,13.9,3,19.75,890
2027-01-17,0.3,23.3,13.3,3.4,18.3,970
2027-01-18,0,20,12.8,3.7,16.4,962
2027-01-19,3,17.2,12.8,5,15,945
2027-01-20,0.3,20.6,12.2,1.5,16.4,1080
2027-01-21,0,25.6,11.7,1.7,18.65,998
2027-01-22,7.9,22.2,15,2.1,18.6,923
2027-01-23,4.8,21.1,13.9,3.7,17.5,990
2027-01-24,9.9,23.3,14.4,2.8,18.85,1026
2027-01-25,2,22.2,15,2.3,18.6,909
2027-01-26,3.6,21.1,16.7,1.3,18.9,1029
2027-01-27,0,30.6,16.1,2.2,23.35,983
2027-01-28,0,30,18.3,1.7,24.15,1016
2027-01-29,0,33.9,17.2,2.5,25.55,1025
2027-01-30,0,31.7,18.3,2.3,25,1050
2027-01-31,0,28.3,15.6,3,21.95,1069
2027-02-01,0,26.1,16.7,3.2,21.4,915
2027-02-02,0,21.7,13.9,2.2,17.8,942
2027-02-03,0,23.3,13.9,2.6,18.6,971
2027-02-04,0,26.1,13.3,2.2,19.7,1047
2027-02-05,0,23.9,13.9,2.9,18.9,1065
2027-02-06,0,26.7,13.3,2.8,20,1059
2027-02-07,0,30,15,2.5,22.5,1005
2027-02-08,0,22.2,13.9,2.6,18.05,1017
2027-02-09,0,22.8,12.2,3,17.5,988
2027-02-10,0,19.4,13.3,2.2,16.35,912
2027-02-11,0,26.1,11.1,3.1,18.6,969
2027-02-12,0,27.8,12.8,3,20.3,1082
2027-02-13,0,27.8,14.4,4.6,21.1,966
2027-02-14,0,31.1,18.3,4.1,24.7,902
2027-02-15,0,22.2,15,3.7,18.6,926
2027-02-16,0,26.1,13.9,2,20,897
2027-02-17,0,27.8,13.3,1.9,20.55,916
2027-02-18,0,25,13.3,2,19.15,1024
2027-02-19,0,23.9,12.8,2.3,18.35,918
2027-02-20,0,26.1,13.3,2.4,19.7,1076
2027-02-21,0,31.1,13.9,3,22.5,969
2027-02-22,0,31.1,14.4,2.5,22.75,997
2027-02-23,0,31.1,12.8,2.3,21.95,1053
2027-02-24,0,31.1,14.4,2.9,22.75,953
2027-02-25,0,25.6,12.8,2.6,19.2,893
2027-02-26,0,21.1,12.2,3.4,16.65,951
2027-02-27,0,25,13.3,1.4,19.15,1065
2027-02-28,0,25,13.3,2.8,19.15,911
2027-03-01,0,21.7,13.3,1.8,17.5,1043
2027-03-02,0,20.6,13.3,3.9,16.95,990
2027-03-03,2,17.2,15,2,16.1,1083
2027-03-04,0,25,15.6,2.4,20.3,954
2027-03-05,0,28.9,15,3.4,21.95,1022
2027-03-06,0,30,15,2.1,22.5,1029
2027-03-07,0,30.6,13.9,1.4,22.25,1004
2027-03-08,0,31.1,13.9,1.9,22.5,1076
2027-03-09,0,28.3,14.4,2.5,21.35,934
2027-03-10,0,28.3,14.4,2.1,21.35,919
2027-03-11,2.3,25.6,15,2.9,20.3,898
2027-03-12,0,25,14.4,2.9,19.7,971
2027-03-13,0,25.6,16.1,1.9,20.85,984
2027-03-14,0,27.8,15,1.8,21.4,914
2027-03-15,0.8,27.2,15,2,21.1,917
2027-03-16,1.8,21.1,17.2,1,19.15,905
2027-03-17,0,28.9,16.1,2.2,22.5,1060
2027-03-18,0,25.6,17.2,3,21.4,900
2027-03-19,0,26.1,15.6,3.1,20.85,958
2027-03-20,0,26.7,15.6,3,21.15,1079
2027-03-21,0,25.6,16.1,4.6,20.85,891
2027-03-22,0,27.8,15,4.3,21.4,1059
2027-03-23,0,28.9,15,1.9,21.95,1084
2027-03-24,0,25,16.1,4.1,20.55,914
2027-03-25,0,25,16.7,2.7,20.85,916
2027-03-26,0.3,22.2,16.1,2.6,19.15,924
2027-03-27,1,24.4,16.1,1.9,20.25,1021
2027-03-28,1.3,26.7,17.2,1.4,21.95,1002
2027-03-29,5.6,26.7,15.6,1.3,21.15,994
2027-03-30,19.3,23.9,18.3,3,21.1,1081
2027-03-31,0,26.1,16.1,2.9,21.1,1037
2027-04-01,0,27.8,13.9,2.6,20.85,1055
2027-04-02,0,27.8,15.6,2.5,21.7,893
2027-04-03,0,27.8,17.2,2.1,22.5,935
2027-04-04,2.3,25,16.7,1.7,20.85,1033
2027-04-05,0.3,22.8,16.1,2.4,19.45,1019
2027-04-06,27.7,20,15.6,2.5,17.8,1069
2027-04-07,21.3,21.7,16.1,2.6,18.9,1009
2027-04-08,0,23.3,17.2,2,20.25,994
2027-04-09,0,26.7,14.4,1.5,20.55,990
2027-04-10,0,26.1,13.9,2.1,20,1011
2027-04-11,0,26.7,15,3.7,20.85,951
2027-04-12,0,33.9,16.1,2.4,25,993
2027-04-13,0,25.6,15,1.7,20.3,1081
2027-04-14,0,18.9,15.6,2,17.25,916
2027-04-15,0,21.7,15.6,1.4,18.65,1062
2027-04-16,3.3,18.9,14.4,2.2,16.65,1077
2027-04-17,0.3,21.7,15,4.3,18.35,1020
2027-04-18,0,17.8,13.9,2.3,15.85,1053
2027-04-19,0,21.1,13.3,2.5,17.2,1060
2027-04-20,0,25.6,10,1.5,17.8,907
2027-04-21,3.6,23.3,13.3,3,18.3,1040
2027-04-22,0,21.1,13.3,2.5,17.2,965
2027-04-23,13.5,17.2,13.3,5.5,15.25,949
2027-04-24,2.8,16.1,11.1,4.5,13.6,976
2027-04-25,0,17.8,10,2.6,13.9,1051
2027-04-26,2,16.1,9.4,3,12.75,1025
2027-04-27,0,17.2,7.2,2.2,12.2,893
2027-04-28,1,13.9,10.6,4.3,12.25,1002
2027-04-29,43.4,16.7,11.7,6,14.2,999
2027-04-30,16.8,14.4,11.1,7.1,12.75,975
2027-05-01,18.5,13.9,10,6.3,11.95,1069
2027-05-02,7.9,14.4,8.9,4.7,11.65,959
2027-05-03,5.3,12.8,9.4,2.4,11.1,954
2027-05-04,0.8,14.4,8.9,0.9,11.65,1064
2027-05-05,0,17.8,5.6,1.1,11.7,1045
2027-05-06,0,20,8.3,1.6,14.15,892
2027-05-07,4.1,22.8,7.8,2.6,15.3,895
2027-05-08,0.5,16.1,11.7,6.3,13.9,1076
2027-05-09,6.9,13.9,7.8,3,10.85,919
2027-05-10,0,15,5.6,1.6,10.3,935
2027-05-11,1,14.4,8.3,1.7,11.35,956
2027-05-12,9.1,13.9,10.6,1,12.25,1007
2027-05-13,1,14.4,8.9,2.2,11.65,965
2027-05-14,0,15,6.7,1.8,10.85,1061
2027-05-15,0,15.6,3.9,1.6,9.75,990
2027-05-16,0,15.6,5,0.9,10.3,925
2027-05-17,0,12.8,8.9,2.7,10.85,1043
2027-05-18,0,14.4,8.9,1.7,11.65,958
2027-05-19,0,12.8,7.2,1.2,10,1038
2027-05-20,0,10.6,7.8,1.4,9.2,1009
2027-05-21,0,10.6,7.8,2.4,9.2,931
2027-05-22,0,11.7,8.3,2.5,10,938
2027-05-23,0,14.4,7.2,1.9,10.8,1078
2027-05-24,0,12.8,6.1,0.4,9.45,970
2027-05-25,0,10,6.1,0.6,8.05,979
2027-05-26,0,12.2,7.8,1.8,10,1047
2027-05-27,0,11.7,8.3,2.7,10,941
2027-05-28,1.8,13.9,8.3,4.4,11.1,981
2027-05-29,0,14.4,7.2,5.1,10.8,1067
2027-05-30,0,13.3,3.3,2.2,8.3,976
2027-05-31,0.5,15,5.6,3.9,10.3,972
2027-06-01,0.3,14.4,10.6,2.2,12.5,1009
2027-06-02,1.3,17.8,11.7,1.4,14.75,1076
2027-06-03,12.7,14.4,8.3,7.9,11.35,1059
2027-06-04,0.5,12.2,4.4,2.4,8.3,1012
2027-06-05,0,10.6,3.9,1.6,7.25,1072
2027-06-06,2.5,13.3,7.2,3.1,10.25,953
2027-06-07,3.8,12.8,7.8,1.7,10.3,1031
2027-06-08,30,11.1,10,7.2,10.55,1015
2027-06-09,0,13.3,7.2,4.1,10.25,997
2027-06-10,1.8,11.1,5,1.4,8.05,1073
2027-06-11,0,11.1,8.3,4.4,9.7,914
2027-06-12,0,16.1,6.1,2.6,11.1,921
2027-06-13,4.1,15.6,8.9,2.2,12.25,957
2027-06-14,0,13.9,10.6,3.8,12.25,996
2027-06-15,1.3,11.1,6.1,1.1,8.6,987
2027-06-16,3,10.6,7.2,6,8.9,1009
2027-06-17,0,10,5,4.6,7.5,943
2027-06-18,5.3,11.7,7.2,5.4,9.45,1069
2027-06-19,26.2,12.8,9.4,3.9,11.1,970
2027-06-20,1,13.3,4.4,5.1,8.85,1053
2027-06-21,0,7.8,1.7,4.3,4.75,1007
2027-06-22,0,7.8,-0.5,3.6,3.65,981
2027-06-23,0,9.4,0,4.6,4.7,1037
2027-06-24,0,11.1,1.1,2.6,6.1,1022
2027-06-25,0,11.7,0.6,0.9,6.15,1062
2027-06-26,0,12.2,2.2,0.5,7.2,956
2027-06-27,0,12.2,2.8,1,7.5,976
2027-06-28,0,14.4,5.6,1.3,10,1005
2027-06-29,0,11.7,3.3,0.7,7.5,995
2027-06-30,0.5,9.4,5,2.1,7.2,963
2027-07-01,2.3,11.1,7.2,3.9,9.15,988
2027-07-02,3,13.3,7.8,8.8,10.55,957
2027-07-03,4.6,7.8,1.7,3.5,4.75,918
2027-07-04,0,5,-0.5,5.6,2.25,1040
2027-07-05,0,4.4,-2.1,1.6,1.15,974
2027-07-06,0,1.1,-4.9,2.6,-1.9,935
2027-07-07,0,1.1,-4.3,4.7,-1.6,955
2027-07-08,0,0,-7.1,3.1,-3.55,961
2027-07-09,0,2.2,-6.6,2.2,-2.2,934
2027-07-10,0,1.1,-4.9,1.3,-1.9,926
2027-07-11,0,5.6,0.6,1.5,3.1,943
2027-07-12,0,5,-1.6,0.8,1.7,963
2027-07-13,6.9,5.6,-0.5,2.3,2.55,1017
2027-07-14,0.5,9.4,5.6,2.9,7.5,905
2027-07-15,0,9.4,6.1,3.7,7.75,924
2027-07-16,1.3,11.7,8.3,3.9,10,924
2027-07-17,0.3,10,4.4,1,7.2,992
2027-07-18,0,8.3,4.4,2.7,6.35,914
2027-07-19,1.3,7.8,2.2,2.8,5,933
2027-07-20,0,5,0,2.1,2.5,986
2027-07-21,5.6,8.3,0.6,3.7,4.45,1000
2027-07-22,5.6,8.9,5.6,2.3,7.25,942
2027-07-23,10.7,10.6,8.3,4,9.45,895
2027-07-24,1.5,11.7,6.1,5.9,8.9,1064
2027-07-25,0,8.3,2.8,1.7,5.55,973
2027-07-26,0,6.7,1.7,0.8,4.2,902
2027-07-27,0,6.7,0.6,0.5,3.65,1000
2027-07-28,0.3,8.9,0,2.1,4.45,952
2027-07-29,0,9.4,3.3,1.3,6.35,1009
2027-07-30,0,7.2,1.7,1.1,4.45,940
2027-07-31,0.3,8.9,4.4,2.6,6.65,1023
2027-08-01,0.5,8.3,5,1.7,6.65,969
2027-08-02,0,7.2,3.3,1.2,5.25,934
2027-08-03,4.1,10.6,6.1,3.2,8.35,1002
2027-08-04,1.5,8.9,2.8,2.6,5.85,928
2027-08-05,0,7.8,0.6,2.7,4.2,955
2027-08-06,0,8.3,-0.5,3.7,3.9,1080
2027-08-07,0.3,7.8,-0.5,2.6,3.65,990
2027-08-08,12.2,8.3,5,1.6,6.65,908
2027-08-09,9.7,10,7.2,4.6,8.6,975
2027-08-10,5.8,9.4,5.6,6.3,7.5,1065
2027-08-11,4.3,12.8,8.3,7,10.55,1073
2027-08-12,21.3,14.4,7.2,8.8,10.8,1073
2027-08-13,1.5,11.1,5.6,8.1,8.35,982
2027-08-14,0,10.6,10,7.1,10.3,934
2027-08-15,0,11.1,7.2,1.3,9.15,975
2027-08-16,0,11.1,5.6,2.5,8.35,975
2027-08-17,0,6.7,4.4,2.7,5.55,928
2027-08-18,0,5.6,2.8,2.3,4.2,977
2027-08-19,0,9.4,0.6,2.2,5,928
2027-08-20,0,6.1,3.3,2.5,4.7,896
2027-08-21,0,10,2.8,2.2,6.4,1011
2027-08-22,0,10,1.7,1.5,5.85,944
2027-08-23,0.5,9.4,5.6,2.6,7.5,892
2027-08-24,0,10,2.8,5.2,6.4,1036
2027-08-25,0,12.8,1.1,1.9,6.95,914
2027-08-26,0,12.2,1.1,0.8,6.65,997
2027-08-27,0,8.3,0.6,1.3,4.45,928
2027-08-28,0,9.4,1.7,1.3,5.55,1052
2027-08-29,8.9,11.1,6.1,1.6,8.6,992
2027-08-30,21.6,11.1,7.2,3.4,9.15,1077
2027-08-31,0,8.3,6.1,6.4,7.2,1058
2027-09-01,2.3,7.8,5.6,2.6,6.7,914
2027-09-02,2,7.8,2.8,0.8,5.3,898
2027-09-03,0,8.9,1.1,2.5,5,1027
2027-09-04,0,5,0,4.3,2.5,909
2027-09-05,0,2.8,-2.1,4.7,0.35,1047
2027-09-06,0,-0.5,-5.5,6.6,-3,1041
2027-09-07,0,-1.6,-6,4.5,-3.8,975
2027-09-08,0,3.3,-4.9,4.2,-0.8,939
2027-09-09,5.1,5.6,-0.5,4.6,2.55,968
2027-09-10,0.5,3.9,0,2.4,1.95,976
2027-09-11,18.3,10,2.2,4.7,6.1,973
2027-09-12,17,12.2,5.6,3.8,8.9,1064
2027-09-13,4.6,12.2,7.2,6.4,9.7,890
2027-09-14,1.8,12.8,7.8,6.3,10.3,908
2027-09-15,9.4,11.7,6.1,6.4,8.9,994
2027-09-16,11.7,11.1,5,5.1,8.05,1032
2027-09-17,26.4,9.4,3.9,7.9,6.65,1023
2027-09-18,14.5,8.3,4.4,5.5,6.35,1053
2027-09-19,15.2,8.9,5,6.2,6.95,1047
2027-09-20,1,8.3,3.9,6,6.1,923
2027-09-21,3,10,5.6,6.9,7.8,1050
2027-09-22,2.8,6.7,3.9,2.9,5.3,972
2027-09-23,2.5,5.6,2.8,3.1,4.2,968
2027-09-24,6.1,7.2,3.9,2.6,5.55,898
2027-09-25,13,6.7,3.3,3.2,5,1029
2027-09-26,0.3,12.2,3.9,4.5,8.05,1020
2027-09-27,0,13.9,5.6,2.5,9.75,955
2027-09-28,0,12.8,4.4,2.3,8.6,1042
2027-09-29,0,14.4,4.4,5.9,9.4,897
2027-09-30,0.5,7.2,4.4,4.7,5.8,949
2027-10-01,19.1,11.1,2.8,5.7,6.95,981
2027-10-02,10.7,14.4,8.9,5.1,11.65,1001
2027-10-03,16.5,13.9,7.8,3.9,10.85,954
2027-10-04,46.7,15.6,10.6,3.9,13.1,1074
2027-10-05,3,13.3,10,6.2,11.65,985
2027-10-06,0,15.6,8.9,4.2,12.25,1069
2027-10-07,32.3,12.8,6.7,2.7,9.75,1018
2027-10-08,4.3,15,9.4,4.3,12.2,991
2027-10-09,18.8,12.2,6.1,2.2,9.15,1055
2027-10-10,0,14.4,4.4,2.3,9.4,1084
2027-10-11,0,16.1,3.3,1.9,9.7,1084
2027-10-12,0.5,13.9,5,2.5,9.45,1049
2027-10-13,6.9,14.4,8.3,6.1,11.35,965
2027-10-14,8.1,16.7,4.4,3,10.55,1053
2027-10-15,27.7,10.6,4.4,3.8,7.5,1003
2027-10-16,0.3,10,2.8,3.2,6.4,932
2027-10-17,0,10,3.3,1.6,6.65,985
2027-10-18,0.5,11.1,3.3,5.1,7.2,917
2027-10-19,0,11.1,1.7,3,6.4,984
2027-10-20,0,10.6,2.8,3.8,6.7,1058
2027-10-21,0,11.1,1.1,1.8,6.1,982
2027-10-22,0,12.8,4.4,3.3,8.6,971
2027-10-23,0,18.9,2.8,2.2,10.85,1082
2027-10-24,4.1,13.9,6.7,4.4,10.3,893
2027-10-25,3.6,11.1,5.6,2.4,8.35,1002
2027-10-26,0.3,12.2,6.7,2.8,9.45,1000
2027-10-27,22.1,11.7,7.2,3.9,9.45,962
2027-10-28,14,11.7,7.2,5.1,9.45,965
2027-10-29,0,11.1,5,5.1,8.05,1047
2027-10-30,0,15.6,2.2,3.8,8.9,1070
2027-10-31,0,14.4,6.7,2.8,10.55,1012
2027-11-01,0,14.4,5.6,4.2,10,955
2027-11-02,2.5,13.3,6.1,3.9,9.7,987
2027-11-03,0,12.8,6.1,4.7,9.45,1078
2027-11-04,4.6,11.7,7.8,4.3,9.75,1056
2027-11-05,0,13.9,8.3,2.6,11.1,937
2027-11-06,0,21.1,9.4,2.5,15.25,1019
2027-11-07,4.6,15.6,8.3,4.2,11.95,1067
2027-11-08,0,14.4,6.7,2.9,10.55,1001
2027-11-09,0,15,6.7,3.6,10.85,910
2027-11-10,0,17.2,5,2.8,11.1,1033
2027-11-11,0,16.1,7.8,4.4,11.95,912
2027-11-12,0,20.6,5.6,3.1,13.1,921
2027-11-13,0,20,5.6,2.6,12.8,979
2027-11-14,0.5,14.4,7.8,4,11.1,965
2027-11-15,10.9,11.1,8.9,4.6,10,960
2027-11-16,18.5,11.7,7.2,4.7,9.45,938
2027-11-17,0,14.4,5.6,3.8,10,1071
2027-11-18,13.7,11.7,5.6,4.7,8.65,1001
2027-11-19,0,15.6,5.6,2.7,10.6,1006
2027-11-20,5.1,17.2,7.8,2.5,12.5,972
2027-11-21,14.2,12.2,5,4.2,8.6,949
2027-11-22,8.9,11.7,6.1,5,8.9,1034
2027-11-23,12.4,13.9,6.1,5.3,10,1002
2027-11-24,0,14.4,5.6,2.3,10,1026
2027-11-25,3.3,15,5.6,3.9,10.3,1016
2027-11-26,6.9,11.1,6.1,5.8,8.6,974
2027-11-27,0,16.1,4.4,2.6,10.25,1027
2027-11-28,0,25,9.4,2.3,17.2,920
2027-11-29,0,27.8,9.4,3.9,18.6,901
2027-11-30,0,29.4,11.1,3,20.25,950
2027-12-01,0,18.3,10.6,4.7,14.45,969
2027-12-02,33.3,15,8.9,3.4,11.95,909
2027-12-03,16,14.4,8.9,4.2,11.65,1004
2027-12-04,5.1,15.6,9.4,3.8,12.5,1065
2027-12-05,0,16.7,8.3,2.6,12.5,1039
2027-12-06,0,18.3,7.2,1.7,12.75,964
2027-12-07,13.7,13.9,9.4,3.4,11.65,939
2027-12-08,2,13.3,7.2,5.6,10.25,973
2027-12-09,0.5,15.6,7.2,2.1,11.4,972
2027-12-10,0,18.9,8.3,1.7,13.6,1030
2027-12-11,0,24.4,9.4,2.7,16.9,938
2027-12-12,0,26.7,12.8,3.8,19.75,969
2027-12-13,0,27.8,13.3,3.3,20.55,963
2027-12-14,0,26.7,12.8,3,19.75,1043
2027-12-15,0,20,11.7,4.1,15.85,981
2027-12-16,0,20,11.7,3.2,15.85,1078
2027-12-17,0,20,10.6,3.2,15.3,987
2027-12-18,0,21.1,10,2.2,15.55,1082
2027-12-19,0,22.2,10,2.7,16.1,945
2027-12-20,0,20,10.6,1.7,15.3,1050
2027-12-21,0,24.4,11.7,2.5,18.05,931
2027-12-22,3.8,20,12.8,4,16.4,980
2027-12-23,0,18.3,11.1,2.4,14.7,1012
2027-12-24,5.6,15,10.6,1.4,12.8,1066
2027-12-25,0,18.3,11.1,4.5,14.7,1074
2027-12-26,0,20,10,2.5,15,899
2027-12-27,0,18.9,10,3.4,14.45,995
2027-12-28,0,18.9,11.1,4.3,15,978
2027-12-29,0,20.6,8.9,4.5,14.75,927
2027-12-30,0,23.3,10,2.2,16.65,1048
2027-12-31,0,22.2,10.6,2.3,16.4,900
2028-01-01,0,23.3,11.1,2.4,17.2,1066
2028-01-02,0,18.3,11.1,3.2,14.7,992
2028-01-03,0,19.4,10,2.6,14.7,927
2028-01-04,0,22.2,10,2.4,16.1,905
2028-01-05,0,25,10.6,3.2,17.8,1075
2028-01-06,0,24.4,13.3,3.1,18.85,929
2028-01-07,0,23.3,12.2,2.1,17.75,1009
2028-01-08,0,21.1,13.3,3.6,17.2,909
2028-01-09,0,20,12.2,2.9,16.1,981
2028-01-10,0,23.9,11.1,2.7,17.5,1068
2028-01-11,1.8,21.7,12.2,4,16.95,974
2028-01-12,6.4,15.6,11.1,5,13.35,1081
2028-01-13,0,17.8,11.7,3.2,14.75,979
2028-01-14,0.5,18.3,10,3.6,14.15,909
2028-01-15,3.6,17.8,8.9,2.4,13.35,1083
2028-01-16,1.3,17.8,10,3,13.9,1065
2028-01-17,0,18.9,11.1,2.7,15,1066
2028-01-18,0.8,25.6,11.7,3.7,18.65,937
2028-01-19,0.3,20,10,3.4,15,1051
2028-01-20,0,22.2,10.6,3.6,16.4,926
2028-01-21,0,25,11.1,2.7,18.05,1027
2028-01-22,0,25,13.3,2.5,19.15,903
2028-01-23,0,24.4,14.4,2.5,19.4,967
2028-01-24,0,26.1,13.9,2.4,20,923
2028-01-25,0,21.1,14.4,4.1,17.75,927
2028-01-26,1.8,21.1,13.9,4.5,17.5,1076
2028-01-27,2.3,20,13.3,4.3,16.65,937
2028-01-28,0,20.6,12.8,3.2,16.7,1046
2028-01-29,0,25.6,12.8,4.4,19.2,1007
2028-01-30,0,34.4,15.6,3.5,25,972
2028-01-31,0,27.2,14.4,3.6,20.8,1010
2028-02-01,0,21.7,13.9,3.1,17.8,941
2028-02-02,0,23.9,13.9,3.6,18.9,1069
2028-02-03,0,24.4,13.3,2.2,18.85,934
2028-02-04,0,28.9,15,3,21.95,1036
2028-02-05,0,27.2,17.8,4.1,22.5,973
2028-02-06,0,30,15.6,3.5,22.8,1052
2028-02-07,0,26.7,13.9,2.3,20.3,942
2028-02-08,0,28.9,12.8,2.2,20.85,1029
2028-02-09,0,31.1,15,2.2,23.05,1076
2028-02-10,0,32.2,16.7,2.2,24.45,950
2028-02-11,0,29.4,15,2.6,22.2,1060
2028-02-12,0,27.8,15,2.8,21.4,907
2028-02-13,0,31.1,13.9,2.3,22.5,953
2028-02-14,0,31.1,14.4,2.4,22.75,968
2028-02-15,0,26.7,13.9,3.7,20.3,1008
2028-02-16,0,23.9,11.7,2.8,17.8,1037
2028-02-17,0,25.6,15,5.4,20.3,1042
2028-02-18,0,19.4,14.4,2.8,16.9,975
2028-02-19,0,23.9,13.3,2.2,18.6,982
2028-02-20,0.3,21.1,13.3,1.1,17.2,939
2028-02-21,19.3,18.9,13.3,3.3,16.1,1000
2028-02-22,0,20.6,12.8,4.7,16.7,959
2028-02-23,0,22.8,12.2,2.7,17.5,1018
2028-02-24,0,26.1,13.3,3.6,19.7,938
2028-02-25,0,28.3,15,4.1,21.65,996
2028-02-26,0,30.6,15,3.7,22.8,1057
2028-02-27,0,30,15.6,2.8,22.8,1013
2028-02-28,0,29.4,14.4,3.4,21.9,950
2028-02-29,0,30.6,17.8,4.1,24.2,1030
2028-03-01,0,28.9,15,3.3,21.95,1047
2028-03-02,0.5,29.4,15.6,1.7,22.5,1073
2028-03-03,0,31.7,14.4,2.6,23.05,964
2028-03-04,0,32.8,16.1,2.6,24.45,918
2028-03-05,0,25,13.9,2.7,19.45,1020
2028-03-06,0,26.1,15,2.2,20.55,930
2028-03-07,0,25.6,13.3,2.4,19.45,1069
2028-03-08,0,25.6,13.3,2.9,19.45,1067
2028-03-09,0,27.2,15.6,4.1,21.4,1057
2028-03-10,0,30.6,13.9,3.4,22.25,1048
2028-03-11,0.5,35.6,17.8,2.6,26.7,890
2028-03-12,12.7,27.2,17.2,3.1,22.2,986
2028-03-13,21.6,23.3,15,2.7,19.15,950
2028-03-14,0,21.1,17.2,0.6,19.15,1057
2028-03-15,1,24.4,16.7,1.5,20.55,1019
2028-03-16,0,25.6,15.6,2.2,20.6,986
2028-03-17,0,27.8,15,2.8,21.4,1061
2028-03-18,0,29.4,15.6,3.3,22.5,941
2028-03-19,0,27.2,15.6,2.4,21.4,1042
2028-03-20,0,21.7,13.9,3.6,17.8,922
2028-03-21,0,21.1,11.1,1.7,16.1,903
2028-03-22,0,23.9,13.3,2.9,18.6,982
2028-03-23,0,27.8,13.9,2,20.85,1081
2028-03-24,0,25,13.3,2.3,19.15,912
2028-03-25,0,28.9,14.4,2,21.65,903
2028-03-26,0,31.1,15.6,1.8,23.35,1071
2028-03-27,0,28.9,16.1,1.6,22.5,947
2028-03-28,0,23.3,14.4,2.3,18.85,1079
2028-03-29,0,22.8,15,3.4,18.9,890
2028-03-30,8.4,17.8,15,2.2,16.4,1070
2028-03-31,1.3,21.1,13.9,1.9,17.5,979
2028-04-01,0,23.3,12.8,2.5,18.05,935
2028-04-02,3,20,13.9,4.3,16.95,905
2028-04-03,0,20.6,12.8,2.7,16.7,1032
2028-04-04,0,23.9,11.1,3.1,17.5,902
2028-04-05,0,27.8,13.9,6.5,20.85,1002
2028-04-06,0,32.2,15,2.9,23.6,1033
2028-04-07,0,28.3,13.3,2.1,20.8,1004
2028-04-08,0,21.1,13.3,2.8,17.2,1073
2028-04-09,0,21.7,13.3,2.3,17.5,1001
2028-04-10,0,22.2,12.2,3.9,17.2,930
2028-04-11,0,24.4,12.8,5.3,18.6,905
2028-04-12,0,24.4,12.8,5.9,18.6,933
2028-04-13,0,28.3,10,4.2,19.15,1056
2028-04-14,0,30,11.7,1.8,20.85,1036
2028-04-15,0,30.6,12.2,1.2,21.4,1006
2028-04-16,0,22.2,13.9,2.8,18.05,993
2028-04-17,0.5,22.8,14.4,2.3,18.6,915
2028-04-18,0.3,19.4,15,3.1,17.2,891
2028-04-19,0,23.9,16.1,2.8,20,936
2028-04-20,0,24.4,14.4,4.4,19.4,1027
2028-04-21,0,26.1,12.8,3,19.45,944
2028-04-22,0.3,22.2,15,2.1,18.6,927
2028-04-23,18.3,18.9,14.4,2.5,16.65,900
2028-04-24,20.3,18.9,14.4,2.7,16.65,982
2028-04-25,4.3,21.7,14.4,2.5,18.05,899
2028-04-26,8.9,20,13.9,3.3,16.95,917
2028-04-27,0,20.6,11.7,3.2,16.15,911
2028-04-28,0,18.9,12.2,2,15.55,900
2028-04-29,0.8,16.7,11.1,3.5,13.9,892
2028-04-30,0,19.4,12.2,2.6,15.8,952
2028-05-01,0,18.3,11.1,2.1,14.7,1004
2028-05-02,0,19.4,10,2,14.7,940
2028-05-03,0,22.2,8.9,1,15.55,941
2028-05-04,0,21.7,12.2,1.2,16.95,963
2028-05-05,0,23.9,11.7,1.4,17.8,1017
2028-05-06,0,25.6,13.3,2.5,19.45,912
2028-05-07,0,18.9,13.9,1,16.4,1054
2028-05-08,0,20.6,12.8,1.8,16.7,903
2028-05-09,0,17.2,11.1,1,14.15,962
2028-05-10,0.3,18.3,10,3.8,14.15,1070
2028-05-11,7.4,18.3,11.7,3.5,15,947
2028-05-12,0,17.8,11.7,2.1,14.75,912
2028-05-13,7.6,21.1,10,3.1,15.55,1076
2028-05-14,7.1,16.7,11.7,2.2,14.2,934
2028-05-15,8.6,16.1,11.7,4.7,13.9,903
2028-05-16,0,20.6,11.1,3.3,15.85,899
2028-05-17,3.3,16.7,11.7,3,14.2,894
2028-05-18,15,19.4,13.9,1.9,16.65,927
2028-05-19,0,22.2,12.8,3.2,17.5,1010
2028-05-20,11.7,16.1,12.2,3.1,14.15,994
2028-05-21,1,16.1,11.7,4.7,13.9,914
2028-05-22,32,15.6,11.7,5,13.65,933
2028-05-23,9.4,14.4,8.3,4.6,11.35,902
2028-05-24,4.1,14.4,8.9,3.2,11.65,1057
2028-05-25,6.1,16.7,8.3,5.4,12.5,921
2028-05-26,1.5,12.8,7.8,5,10.3,905
2028-05-27,0.8,15.6,6.7,2.4,11.15,1003
2028-05-28,12.7,15,9.4,3.9,12.2,986
2028-05-29,0.5,16.7,11.7,3.1,14.2,1074
2028-05-30,25.4,15.6,11.1,3.2,13.35,891
2028-05-31,17,12.8,8.3,2,10.55,951
2028-06-01,0,11.1,7.2,1.2,9.15,1055
2028-06-02,1.8,13.3,7.2,2.9,10.25,986
2028-06-03,10.9,13.9,11.1,4.8,12.5,1034
2028-06-04,4.1,14.4,10.6,3.3,12.5,967
2028-06-05,4.8,15,10.6,2.1,12.8,1013
2028-06-06,4.1,16.7,10.6,6.7,13.65,909
2028-06-07,0,14.4,7.2,2.3,10.8,992
2028-06-08,0,12.8,3.9,0.8,8.35,1052
2028-06-09,5.1,13.3,7.8,3,10.55,1000
2028-06-10,0,11.1,5.6,3.9,8.35,994
2028-06-11,0,7.8,1.1,7.7,4.45,1056
2028-06-12,0,6.7,0,7.6,3.35,1049
2028-06-13,0,7.2,0.6,4.7,3.9,1060
2028-06-14,0,7.2,-2.1,4.5,2.55,1059
2028-06-15,0,8.3,-1.6,4.2,3.35,1041
2028-06-16,0,9.4,-2.1,4.2,3.65,1010
2028-06-17,0,10.6,-2.1,1.9,4.25,995
2028-06-18,0,7.2,-0.5,0.9,3.35,912
2028-06-19,0,11.1,2.2,1.9,6.65,898
2028-06-20,3.6,11.1,5.6,2.1,8.35,1032
2028-06-21,15.2,11.1,8.3,4.7,9.7,945
2028-06-22,0.5,9.4,6.7,4.7,8.05,917
2028-06-23,11.9,12.8,5.6,5.1,9.2,1068
2028-06-24,1.3,11.7,4.4,3.8,8.05,1003
2028-06-25,18.3,13.9,9.4,4.5,11.65,964
2028-06-26,0.3,15,12.2,3.9,13.6,1022
2028-06-27,3.3,14.4,11.7,6.6,13.05,1029
2028-06-28,34.3,12.8,3.3,5.8,8.05,945
2028-06-29,3.6,4.4,-4.3,5.3,0.05,989
2028-06-30,0,2.8,-4.9,4.4,-1.05,983
2028-07-01,0,4.4,-3.2,2.2,0.6,1076
2028-07-02,0,5.6,-3.2,5.7,1.2,1036
2028-07-03,0,10,0,3.6,5,1041
2028-07-04,0.8,8.3,3.9,1.1,6.1,950
2028-07-05,3,12.8,6.7,3.1,9.75,1052
2028-07-06,7.4,11.7,7.8,3.6,9.75,922
2028-07-07,0,14.4,6.1,2.8,10.25,1023
2028-07-08,9.1,14.4,8.9,4.2,11.65,976
2028-07-09,9.9,16.1,10.6,5.1,13.35,940
2028-07-10,13,18.9,10,6.7,14.45,898
2028-07-11,6.9,14.4,8.3,6.4,11.35,1074
2028-07-12,0,11.1,7.2,3.7,9.15,898
2028-07-13,0,10,3.9,1.1,6.95,1076
2028-07-14,0,12.8,1.7,3.5,7.25,1030
2028-07-15,0,12.2,6.7,5.9,9.45,893
2028-07-16,0,10,8.3,4,9.15,967
2028-07-17,2.8,8.9,6.1,1.6,7.5,984
2028-07-18,13,9.4,6.7,3.1,8.05,1070
2028-07-19,3,11.1,7.2,4.3,9.15,925
2028-07-20,19.6,12.8,6.7,5.5,9.75,1049
2028-07-21,0,12.8,10,5.2,11.4,1052
2028-07-22,0,10.6,6.1,1.5,8.35,1020
2028-07-23,20.6,12.2,5,3.8,8.6,1012
2028-07-24,5.3,7.2,3.9,1.8,5.55,1043
2028-07-25,0,7.8,2.8,2.2,5.3,1043
2028-07-26,0,5.6,1.7,1.2,3.65,963
2028-07-27,3.3,9.4,4.4,4.9,6.9,936
2028-07-28,4.1,6.7,2.8,1.8,4.75,890
2028-07-29,0,6.1,0.6,4.3,3.35,1021
2028-07-30,0,3.3,-2.1,3.6,0.6,899
2028-07-31,0,3.3,-2.7,3,0.3,1069
2028-08-01,0,5.6,-3.2,1.2,1.2,890
2028-08-02,1.5,5.6,0,2.3,2.8,918
2028-08-03,0,5,1.7,1.7,3.35,1070
2028-08-04,10.2,10.6,3.3,4.5,6.95,955
2028-08-05,8.1,12.2,9.4,6.4,10.8,1060
2028-08-06,0,12.2,6.1,1.3,9.15,1070
2028-08-07,0,7.8,5.6,1.6,6.7,1025
2028-08-08,0,7.8,1.7,2.6,4.75,973
2028-08-09,0.3,10,3.3,0.6,6.65,955
2028-08-10,5.8,7.8,6.1,0.5,6.95,1077
2028-08-11,1.5,9.4,7.2,1.1,8.3,953
2028-08-12,0,11.1,4.4,1.6,7.75,1044
2028-08-13,0,9.4,2.8,2.7,6.1,1014
2028-08-14,0,6.1,0.6,2.8,3.35,1002
2028-08-15,9.7,7.8,1.1,3.2,4.45,955
2028-08-16,0,11.7,5.6,4.5,8.65,917
2028-08-17,26.2,13.3,3.3,2.8,8.3,1056
2028-08-18,21.3,13.9,7.2,6.6,10.55,934
2028-08-19,0.5,10,6.1,2.8,8.05,993
2028-08-20,0,10,3.3,3,6.65,1079
2028-08-21,0,7.2,-0.5,1.3,3.35,1028
2028-08-22,0.8,9.4,6.1,1.3,7.75,1034
2028-08-23,5.8,12.2,8.3,2.6,10.25,898
2028-08-24,0.5,14.4,11.1,3.3,12.75,953
2028-08-25,0,17.2,7.2,1.4,12.2,1044
2028-08-26,0,16.1,6.1,2.2,11.1,936
2028-08-27,0.8,11.1,8.3,2,9.7,1066
2028-08-28,0,12.2,5,1.8,8.6,991
2028-08-29,0,12.2,3.3,2.9,7.75,965
2028-08-30,0,8.3,1.1,0.8,4.7,891
2028-08-31,0,7.2,3.3,1.9,5.25,1015
2028-09-01,1.5,9.4,4.4,2.6,6.9,972
2028-09-02,7.4,11.1,5,4,8.05,1067
2028-09-03,1.3,10,5.6,1.9,7.8,989
2028-09-04,8.4,10.6,4.4,1.7,7.5,973
2028-09-05,26.2,13.3,8.3,4.6,10.8,998
2028-09-06,17.3,14.4,10,4.5,12.2,947
2028-09-07,23.6,12.2,9.4,4.6,10.8,992
2028-09-08,3.6,15,8.3,3.9,11.65,931
2028-09-09,6.1,13.3,8.3,2.5,10.8,1036
2028-09-10,0.3,12.8,8.3,4,10.55,914
2028-09-11,0,12.8,5.6,1,9.2,1082
2028-09-12,1,16.7,9.4,2.1,13.05,909
2028-09-13,0,15.6,6.7,1.7,11.15,1084
2028-09-14,0.3,14.4,6.7,2.9,10.55,989
2028-09-15,0,12.2,3.9,4.8,8.05,1046
2028-09-16,0,15,5.6,6.6,10.3,937
2028-09-17,0,16.1,4.4,4,10.25,969
2028-09-18,0,12.2,4.4,2.6,8.3,1051
2028-09-19,4.6,10.6,8.3,2.2,9.45,966
2028-09-20,0.8,11.1,7.2,0.9,9.15,960
2028-09-21,0,12.2,5.6,4.5,8.9,1009
2028-09-22,0,11.7,3.3,4.2,7.5,993
2028-09-23,0,12.8,0.6,1.4,6.7,1025
2028-09-24,0,11.1,2.2,1.5,6.65,951
2028-09-25,4.1,10,6.7,1,8.35,1068
2028-09-26,9.4,11.7,7.8,1.4,9.75,960
2028-09-27,18.3,10,6.7,4,8.35,966
2028-09-28,0,12.2,3.3,5.1,7.75,993
2028-09-29,0,11.1,1.1,2.2,6.1,975
2028-09-30,0,11.1,4.4,4.8,7.75,1053
2028-10-01,0,10.6,0,2.1,5.3,1041
2028-10-02,0,12.8,-0.5,1.8,6.15,924
2028-10-03,0,13.3,2.8,1.3,8.05,1066
2028-10-04,0,15,3.3,1.4,9.15,1046
2028-10-05,0,16.7,3.9,2.7,10.3,955
2028-10-06,0,17.2,3.9,1.7,10.55,1075
2028-10-07,0,14.4,4.4,1.8,9.4,954
2028-10-08,0.8,13.3,5,2.6,9.15,1014
2028-10-09,2.5,14.4,8.9,3.1,11.65,1035
2028-10-10,0,17.8,9.4,3.2,13.6,1067
2028-10-11,2,17.2,7.8,2.2,12.5,931
2028-10-12,17,13.9,9.4,3.8,11.65,951
2028-10-13,55.9,10.6,6.1,4.2,8.35,905
2028-10-14,1,13.9,6.1,3,10,1007
2028-10-15,0.8,13.3,4.4,2.6,8.85,1001
2028-10-16,0,15.6,7.2,2.5,11.4,920
2028-10-17,0,15.6,8.3,1.9,11.95,908
2028-10-18,4.1,13.9,8.9,1.9,11.4,980
2028-10-19,3.8,13.3,8.3,4.7,10.8,952
2028-10-20,1,11.7,6.1,2.3,8.9,903
2028-10-21,8.1,11.1,5.6,2.8,8.35,991
2028-10-22,7.6,12.8,6.1,3.9,9.45,1054
2028-10-23,5.1,14.4,7.2,4.4,10.8,1030
2028-10-24,0,20.6,10,2.2,15.3,896
2028-10-25,1,18.3,8.9,4,13.6,931
2028-10-26,0,15.6,9.4,5.7,12.5,942
2028-10-27,0,15.6,8.9,3,12.25,942
2028-10-28,1.8,17.8,10.6,2.9,14.2,915
2028-10-29,1,12.8,6.1,4.2,9.45,984
2028-10-30,5.1,12.8,5.6,3.2,9.2,1074
2028-10-31,0,13.3,5.6,2.4,9.45,1046
2028-11-01,1.5,11.1,5,3.6,8.05,893
2028-11-02,0,12.8,3.9,1.7,8.35,1028
2028-11-03,0,16.7,2.8,2.4,9.75,1036
2028-11-04,1,13.9,6.7,3.5,10.3,998
2028-11-05,0.5,14.4,6.7,3.9,10.55,1009
2028-11-06,0,17.2,6.1,1.7,11.65,919
2028-11-07,0,17.2,6.1,2.3,11.65,1044
2028-11-08,10.9,13.9,7.8,4.6,10.85,982
2028-11-09,0,11.7,5.6,6.5,8.65,890
2028-11-10,0,13.3,5.6,3.6,9.45,950
2028-11-11,14,11.7,3.9,3.6,7.8,981
2028-11-12,3.3,11.7,2.8,3.3,7.25,909
2028-11-13,0,13.9,3.3,2.4,8.6,950
2028-11-14,0,17.8,3.9,3.1,10.85,953
2028-11-15,0,18.9,6.1,3.6,12.5,930
2028-11-16,0,18.9,8.3,3.9,13.6,962
2028-11-17,0,21.1,8.3,3.6,14.7,1010
2028-11-18,0,22.8,7.8,2.6,15.3,999
2028-11-19,5.6,17.2,6.7,3.4,11.95,985
2028-11-20,0,15.6,5,2.3,10.3,908
2028-11-21,3,12.2,6.7,4.1,9.45,1068
2028-11-22,3.3,12.2,6.1,5,9.15,954
2028-11-23,1.3,13.3,5.6,3,9.45,1050
2028-11-24,0,15.6,4.4,2.7,10,1045
2028-11-25,0.3,25,10.6,2.3,17.8,999
2028-11-26,1.8,15.6,8.9,4.3,12.25,1021
2028-11-27,0,16.1,7.2,4.7,11.65,964
2028-11-28,0,17.2,7.8,2.1,12.5,1051
2028-11-29,0,18.3,8.9,3.7,13.6,1084
2028-11-30,0,18.3,7.8,3.7,13.05,1031
2028-12-01,0,20.6,7.8,2.6,14.2,928
2028-12-02,0,17.2,7.2,5.2,12.2,910
2028-12-03,6.1,14.4,7.2,5.1,10.8,962
2028-12-04,0,16.7,7.2,2.6,11.95,1069
2028-12-05,0,20.6,6.1,3,13.35,919
2028-12-06,0,23.9,8.3,3,16.1,1064
2028-12-07,0,26.7,9.4,2.6,18.05,919
2028-12-08,0,19.4,11.1,2.8,15.25,1015
2028-12-09,0,13.9,10,2.5,11.95,1058
2028-12-10,4.3,15.6,10.6,3.3,13.1,1027
2028-12-11,4.1,12.2,10,2.8,11.1,1038
2028-12-12,0.3,17.8,9.4,2,13.6,1016
2028-12-13,0,20,9.4,2.8,14.7,890
2028-12-14,0,15.6,11.1,3,13.35,997
2028-12-15,0,19.4,10.6,2.1,15,1015
2028-12-16,0,25.6,12.2,3,18.9,1075
2028-12-17,0,21.7,11.7,2.6,16.7,1021
2028-12-18,0,23.3,10.6,1.8,16.95,1009
2028-12-19,0,25.6,11.7,2.1,18.65,1084
2028-12-20,0,16.7,11.7,3.7,14.2,915
2028-12-21,0,16.1,11.7,2.6,13.9,1007
2028-12-22,0,17.8,11.1,2.7,14.45,1065
2028-12-23,0,15.6,11.1,2.7,13.35,1046
2028-12-24,0,21.7,11.7,2.1,16.7,1050
2028-12-25,0,24.4,11.7,1.8,18.05,1027
2028-12-26,0,27.8,12.2,2.1,20,962
2028-12-27,0,26.1,12.8,2.5,19.45,995
2028-12-28,0,22.8,10,2.5,16.4,1013
2028-12-29,0,25,11.7,2.2,18.35,961
2028-12-30,4.6,16.1,11.7,3.4,13.9,1013
2028-12-31,0.5,17.8,12.8,5,15.3,930
2029-01-01,0,20,11.7,3,15.85,1072
2029-01-02,0,22.8,11.7,3.9,17.25,990
2029-01-03,0,26.7,12.8,4.3,19.75,1017
2029-01-04,0,29.4,13.3,2.6,21.35,953
2029-01-05,0,31.1,15.6,3.2,23.35,1074
2029-01-06,0,30.6,14.4,3.5,22.5,1067
2029-01-07,0,28.9,14.4,2.7,21.65,904
2029-01-08,0,25.6,11.1,3,18.35,929
2029-01-09,0,24.4,11.1,3.5,17.75,919
2029-01-10,0,20,11.7,2.3,15.85,919
2029-01-11,0,23.9,9.4,2.6,16.65,1035
2029-01-12,0,27.8,11.7,3.7,19.75,1023
2029-01-13,0,30,16.1,3.5,23.05,1046
2029-01-14,0,22.8,11.1,3,16.95,1056
2029-01-15,0,25,11.1,3.1,18.05,927
2029-01-16,0,24.4,13.9,3,19.15,1065
2029-01-17,0.5,23.9,13.3,3.2,18.6,976
2029-01-18,0,25,12.8,4.3,18.9,967
2029-01-19,0,25.6,13.9,3.4,19.75,994
2029-01-20,0,25,12.8,2.4,18.9,1042
2029-01-21,0,26.1,11.7,2.4,18.9,1009
2029-01-22,0,25.6,16.1,2.6,20.85,970
2029-01-23,0,30.6,15.6,3,23.1,1020
2029-01-24,0,31.7,17.8,4.7,24.75,1082
2029-01-25,0,33.3,17.2,3.9,25.25,905
2029-01-26,0.3,28.3,18.3,2.1,23.3,941
2029-01-27,0,28.9,17.2,2.7,23.05,978
2029-01-28,0,30.6,15,3.4,22.8,987
2029-01-29,0,32.2,17.2,4.3,24.7,1072
2029-01-30,0,33.9,17.8,3.4,25.85,1010
2029-01-31,0,33.3,17.8,2.6,25.55,899
2029-02-01,0,33.3,15,2.9,24.15,1014
2029-02-02,0,32.8,16.7,2.1,24.75,993
2029-02-03,0,29.4,15.6,3.2,22.5,1079
2029-02-04,0,27.2,13.9,2.4,20.55,915
2029-02-05,0,30,14.4,1.9,22.2,909
2029-02-06,0,28.9,14.4,3.4,21.65,1077
2029-02-07,0,21.1,16.7,3.7,18.9,972
2029-02-08,0,22.2,16.7,3,19.45,1062
2029-02-09,0,26.1,16.7,2.2,21.4,973
2029-02-10,0,25.6,16.1,3.1,20.85,1018
2029-02-11,0,27.8,16.1,3.3,21.95,892
2029-02-12,0,26.1,14.4,3.2,20.25,900
2029-02-13,0,26.1,15,2.8,20.55,1032
2029-02-14,0,27.8,13.9,3.3,20.85,981
2029-02-15,0,33.3,17.8,3.4,25.55,973
2029-02-16,0,35,17.2,3.3,26.1,1019
2029-02-17,0,26.7,16.7,3.9,21.7,941
2029-02-18,0,23.9,15,2.4,19.45,1023
2029-02-19,0,23.9,13.9,2.8,18.9,1082
2029-02-20,0,26.1,14.4,1.9,20.25,891
2029-02-21,0.3,22.8,13.3,3.8,18.05,936
2029-02-22,0,21.1,14.4,2.4,17.75,893
2029-02-23,2,22.2,13.9,2.6,18.05,939
2029-02-24,0,23.3,12.2,1.9,17.75,1025
2029-02-25,0,27.8,13.9,3.4,20.85,1082
2029-02-26,0,32.2,14.4,3.8,23.3,972
2029-02-27,0,34.4,17.2,3.5,25.8,1016
2029-02-28,0,34.4,17.8,2.6,26.1,995
2029-03-01,0,33.3,15.6,3.1,24.45,1065
2029-03-02,0,30.6,16.1,2,23.35,914
2029-03-03,0,28.3,17.2,2.3,22.75,987
2029-03-04,0,26.1,14.4,2.6,20.25,917
2029-03-05,0,23.3,12.2,3.5,17.75,1035
2029-03-06,0,25,15,2.9,20,1072
2029-03-07,0,28.3,15.6,3.7,21.95,1062
2029-03-08,0,25,15.6,3.6,20.3,895
2029-03-09,0,28.3,15,2.2,21.65,893
2029-03-10,0,28.9,16.1,2.4,22.5,985
2029-03-11,0,30,16.7,4.4,23.35,1084
2029-03-12,7.6,28.3,16.7,2.7,22.5,918
2029-03-13,0,28.3,15.6,2.2,21.95,903
2029-03-14,30.5,18.3,15,5.2,16.65,996
2029-03-15,0,21.7,13.9,3.7,17.8,1013
2029-03-16,0,25,14.4,3.7,19.7,1071
2029-03-17,0,27.2,13.9,3,20.55,911
2029-03-18,0,30,15,3,22.5,948
2029-03-19,0,31.7,16.1,2.1,23.9,977
2029-03-20,2,22.8,14.4,4.2,18.6,919
2029-03-21,0,22.2,14.4,2.6,18.3,972
2029-03-22,0,26.7,12.2,2.5,19.45,892
2029-03-23,0,27.8,13.9,1.8,20.85,1030
2029-03-24,0,23.9,12.2,2.3,18.05,943
2029-03-25,0,25.6,12.2,3.4,18.9,906
2029-03-26,0,28.3,13.9,1.7,21.1,951
2029-03-27,0,29.4,14.4,2.1,21.9,1073
2029-03-28,0.5,23.3,15.6,2.6,19.45,930
2029-03-29,32.5,22.2,13.3,5.8,17.75,970
2029-03-30,10.2,20,12.8,4.7,16.4,1077
2029-03-31,0,18.9,16.1,5.8,17.5,1055
2029-04-01,5.8,19.4,13.9,5,16.65,991
2029-04-02,0,19.4,11.1,3.8,15.25,998
2029-04-03,0,18.3,10.6,2.9,14.45,969
2029-04-04,0,18.3,10,2.9,14.15,935
2029-04-05,0.3,20.6,8.9,3.5,14.75,972
2029-04-06,5.3,16.1,11.7,2.4,13.9,1035
2029-04-07,0.3,21.1,13.3,1.5,17.2,946
2029-04-08,0,22.8,13.3,2.4,18.05,1054
2029-04-09,0,24.4,13.9,3.3,19.15,980
2029-04-10,0,25,14.4,3.6,19.7,984
2029-04-11,0,27.2,15,3.1,21.1,993
2029-04-12,0,26.7,14.4,2.1,20.55,935
2029-04-13,0.5,20.6,12.8,3,16.7,913
2029-04-14,0,16.7,10.6,3.4,13.65,1054
2029-04-15,0,17.8,10,2.8,13.9,1027
2029-04-16,1,20,10,1.9,15,1013
2029-04-17,1.8,18.3,12.8,3.8,15.55,958
2029-04-18,0,19.4,12.8,2.6,16.1,893
2029-04-19,0,21.1,14.4,4.3,17.75,953
2029-04-20,4.1,22.8,12.2,6.8,17.5,980
2029-04-21,0,18.3,9.4,2.7,13.85,918
2029-04-22,0,18.9,7.8,2,13.35,1039
2029-04-23,0,20.6,8.3,1.8,14.45,986
2029-04-24,0,22.2,11.1,2.5,16.65,1056
2029-04-25,2,15.6,12.8,2.6,14.2,931
2029-04-26,0,18.3,10,2.7,14.15,993
2029-04-27,0,17.8,7.2,3.8,12.5,911
2029-04-28,0,21.1,9.4,5.1,15.25,1074
2029-04-29,0,21.7,8.9,1.9,15.3,913
2029-04-30,0,18.3,10,1.3,14.15,965
2029-05-01,0,21.1,9.4,1.3,15.25,966
2029-05-02,0,15.6,10,2.9,12.8,928
2029-05-03,0,19.4,11.1,4.8,15.25,916
2029-05-04,0,22.8,10,3.7,16.4,902
2029-05-05,0,23.3,9.4,1.6,16.35,1032
2029-05-06,0,18.3,10,2.6,14.15,1011
2029-05-07,9.9,16.1,13.9,2.2,15,903
2029-05-08,0,18.9,13.3,1.1,16.1,896
2029-05-09,0.3,19.4,12.2,2.6,15.8,909
2029-05-10,28.7,21.1,13.3,4.7,17.2,1005
2029-05-11,0,17.8,10.6,2.6,14.2,1021
2029-05-12,4.6,18.3,10.6,2.8,14.45,944
2029-05-13,1.3,16.7,9.4,3.2,13.05,1046
2029-05-14,0,15,10,5,12.5,926
2029-05-15,0,21.1,9.4,3.4,15.25,992
2029-05-16,0,20,8.9,1.3,14.45,1020
2029-05-17,0.3,19.4,11.7,1.3,15.55,1065
2029-05-18,3.8,15,12.8,2,13.9,893
2029-05-19,0.3,17.2,12.2,2.6,14.7,961
2029-05-20,0,17.8,10.6,1.8,14.2,997
2029-05-21,0,16.1,8.3,1.3,12.2,1083
2029-05-22,0,16.1,8.9,2.7,12.5,999
2029-05-23,0,12.8,7.2,2.6,10,935
2029-05-24,0,15,8.9,2.9,11.95,1024
2029-05-25,8.9,19.4,8.9,3.4,14.15,923
2029-05-26,6.9,12.2,10,4.6,11.1,1061
2029-05-27,0,16.1,7.8,1.7,11.95,1004
2029-05-28,3.3,13.9,11.1,2.8,12.5,976
2029-05-29,1.8,15,12.2,4.7,13.6,1061
2029-05-30,19.3,17.2,11.7,6.7,14.45,898
2029-05-31,33,15.6,11.7,7.2,13.65,993
2029-06-01,26.2,12.2,8.9,6,10.55,1084
2029-06-02,0.3,11.1,7.2,2.8,9.15,1017
2029-06-03,0.8,10.6,5,1.4,7.8,1008
2029-06-04,0,10,3.3,2.2,6.65,1033
2029-06-05,1.3,11.7,7.8,2.3,9.75,1050
2029-06-06,0,15.6,8.3,2.7,11.95,1023
2029-06-07,12.7,12.2,9.4,3,10.8,1056
2029-06-08,6.6,11.1,7.8,1.8,9.45,1072
2029-06-09,3.3,10,5,1.3,7.5,901
2029-06-10,1.3,11.1,3.9,3.9,7.5,1059
2029-06-11,1.5,11.1,6.1,4.6,8.6,1001
2029-06-12,9.9,11.1,5,5.1,8.05,897
2029-06-13,33.5,13.3,9.4,6.5,11.35,1015
2029-06-14,47.2,9.4,6.1,4.5,7.75,1081
2029-06-15,22.4,8.9,2.2,4.1,5.55,942
2029-06-16,2,8.9,1.7,4,5.3,1062
2029-06-17,29.5,13.3,6.7,8,10,916
2029-06-18,1.5,8.9,3.3,3.8,6.1,1012
2029-06-19,2,8.9,2.8,4.2,5.85,894
2029-06-20,0,8.3,0.6,4,4.45,1036
2029-06-21,0,8.9,0.6,4.7,4.75,956
2029-06-22,0,10,1.7,3.1,5.85,1081
2029-06-23,3,6.7,0,1.3,3.35,986
2029-06-24,7.1,6.7,2.8,4.5,4.75,1007
2029-06-25,0,7.2,0,5.7,3.6,983
2029-06-26,0,9.4,-1,4.3,4.2,991
2029-06-27,0,9.4,-1.6,3,3.9,947
2029-06-28,0,7.2,-2.7,1,2.25,917
2029-06-29,0,1.7,-2.1,0.9,-0.2,1001
2029-06-30,0.5,5.6,-3.8,1.7,0.9,940
2029-07-01,12.2,10,3.9,3.5,6.95,986
2029-07-02,2.5,10.6,4.4,5,7.5,937
2029-07-03,12.7,15.6,7.8,5.9,11.7,1082
2029-07-04,2,10.6,6.1,4.7,8.35,1010
2029-07-05,15.7,10,6.1,4,8.05,1027
2029-07-06,11.2,12.8,7.2,5.9,10,908
2029-07-07,27.4,11.1,8.3,3.4,9.7,1047
2029-07-08,54.1,15.6,10,6.2,12.8,979
2029-07-09,13.5,12.2,7.8,6.3,10,1040
2029-07-10,9.4,11.7,6.1,7.5,8.9,1055
2029-07-11,0.3,9.4,4.4,2.8,6.9,1022
2029-07-12,16,8.9,5.6,5.6,7.25,922
2029-07-13,1.3,7.8,6.1,6.1,6.95,993
2029-07-14,0,7.8,1.7,1.7,4.75,940
2029-07-15,1.5,6.7,1.1,2.9,3.9,980
2029-07-16,3.6,6.1,2.8,2.3,4.45,892
2029-07-17,21.8,6.7,3.9,6,5.3,956
2029-07-18,18.5,8.9,4.4,5.1,6.65,1000
2029-07-19,0,8.3,2.8,4.1,5.55,971
2029-07-20,4.3,7.8,4.4,6.7,6.1,1014
2029-07-21,27.4,5.6,2.8,4.3,4.2,972
2029-07-22,4.6,7.8,2.8,5,5.3,899
2029-07-23,6.1,5,2.8,7.6,3.9,919
2029-07-24,2.5,5.6,2.2,4.3,3.9,1013
2029-07-25,5.8,5,2.2,1.5,3.6,1076
2029-07-26,0,4.4,0,2.5,2.2,903
2029-07-27,8.6,4.4,1.7,2.9,3.05,1020
2029-07-28,1.5,5,1.7,1.3,3.35,913
2029-07-29,0,7.2,0.6,2.6,3.9,985
2029-07-30,0,5.6,-1,3.4,2.3,985
2029-07-31,0,5.6,-2.1,3.5,1.75,931
